round,ticks,transitions,epsilon,avg_score,best_score,accuracy,died_wall,died_self,starved,loss,seconds
1,62,24564,0.9389,0.061,2,0.7441,95,1,904,0.78117,0.40
2,71,49544,0.8768,0.093,2,0.7667,103,10,887,0.66377,0.20
3,82,75757,0.8116,0.158,3,0.7820,97,11,892,0.70116,0.23
4,73,102492,0.7451,0.226,4,0.7889,119,27,854,1.07190,0.21
5,79,131326,0.6733,0.369,3,0.8036,144,51,805,0.67078,0.24
6,137,162994,0.5946,0.516,5,0.8282,144,87,769,0.52565,0.29
7,187,198566,0.5061,0.855,9,0.8450,217,135,648,0.93802,0.35
8,176,241431,0.3994,1.427,11,0.8716,273,238,489,0.42097,0.40
9,337,303983,0.2438,2.881,16,0.9107,343,404,253,0.81482,0.65
10,974,578628,0.0050,17.859,63,0.9669,245,726,29,0.50939,2.64
11,1282,981894,0.0050,27.199,64,0.9681,54,921,25,0.55906,3.71
12,1093,1379635,0.0050,26.927,66,0.9685,67,911,22,0.71310,3.52
13,900,1756390,0.0050,25.668,54,0.9694,60,924,16,0.54631,3.24
14,929,2147517,0.0050,26.483,56,0.9685,54,927,19,0.51031,3.38
15,1019,2539392,0.0050,26.691,56,0.9678,57,926,17,0.69031,3.42
16,1068,2935133,0.0050,26.598,60,0.9691,59,913,28,0.43128,3.45
17,932,3336821,0.0050,27.003,59,0.9689,67,918,15,0.63211,3.43
18,1012,3736533,0.0050,26.896,60,0.9675,52,927,21,0.54438,3.49
19,1212,4142161,0.0050,27.152,68,0.9685,60,931,9,0.61574,3.62
20,1036,4560804,0.0050,28.068,59,0.9669,56,930,14,0.64141,3.61
21,1086,4975631,0.0050,27.884,60,0.9698,64,931,5,0.71773,3.62
22,1007,5383797,0.0050,27.321,62,0.9673,65,920,15,0.73825,3.52
23,1099,5799515,0.0050,27.931,61,0.9679,49,944,7,0.66729,3.63
24,1090,6207728,0.0050,27.489,71,0.9693,55,934,11,0.51412,3.58
25,1098,6621125,0.0050,27.764,64,0.9679,55,931,14,0.74125,3.62
26,1011,7023442,0.0050,27.149,58,0.9675,60,926,14,0.64296,3.51
27,1067,7446993,0.0050,28.493,67,0.9672,59,928,13,0.55601,3.69
28,1165,7870837,0.0050,28.437,66,0.9681,66,928,6,0.76869,3.72
29,1036,8305300,0.0050,28.817,63,0.9680,61,926,13,0.68133,3.73
30,1048,8711811,0.0050,27.400,62,0.9703,62,928,10,0.63477,3.55
31,1205,9121174,0.0050,27.395,68,0.9674,81,896,23,0.53745,3.66
32,1126,9533165,0.0050,27.807,61,0.9696,74,918,8,0.68849,3.63
33,1099,9953566,0.0050,27.976,67,0.9672,66,908,26,0.61864,3.67
34,1012,10367468,0.0050,27.655,60,0.9676,67,910,23,0.57781,3.58
35,1028,10777017,0.0050,27.479,60,0.9672,65,899,36,0.57287,3.55
36,1056,11185682,0.0050,27.493,70,0.9682,76,902,22,0.72472,3.57
37,934,11579367,0.0050,26.620,58,0.9684,67,918,15,0.66761,3.40
38,1209,11986082,0.0050,27.249,70,0.9668,68,913,19,0.73853,3.68
39,1268,12393154,0.0050,27.190,67,0.9658,80,887,33,0.66935,3.75
40,1054,12808548,0.0050,27.811,63,0.9672,86,893,21,0.62389,3.65
41,1197,13227132,0.0050,28.009,71,0.9672,72,910,18,0.57149,3.74
42,970,13631180,0.0050,27.319,65,0.9672,86,893,21,0.54890,3.49
43,1104,14047087,0.0050,27.811,65,0.9683,80,893,27,0.66917,3.66
44,1152,14466809,0.0050,28.082,73,0.9667,94,874,32,0.61126,3.74
45,1443,14891308,0.0050,28.324,80,0.9662,79,883,38,0.57543,3.92
46,1003,15310497,0.0050,28.075,60,0.9695,72,896,32,0.63097,3.64
47,1357,15713237,0.0050,26.909,78,0.9672,69,893,38,0.47311,3.72
48,1012,16121117,0.0050,27.270,56,0.9677,81,874,45,0.73064,3.56
49,1248,16526808,0.0050,27.118,67,0.9677,69,902,29,0.67194,3.68
50,1284,16927351,0.0050,26.898,66,0.9669,84,880,36,0.55818,3.71
51,1099,17348918,0.0050,28.409,61,0.9682,66,909,25,0.56606,3.74
52,1060,17747205,0.0050,26.856,61,0.9703,85,896,19,0.78982,3.53
53,1115,18165403,0.0050,28.125,70,0.9686,84,898,18,0.64401,3.71
54,972,18595855,0.0050,28.740,61,0.9686,88,895,17,0.48053,3.69
55,1138,19006167,0.0050,27.458,66,0.9670,62,919,19,0.64438,3.67
56,1082,19431614,0.0050,28.559,63,0.9674,72,894,34,0.51955,3.74
57,1253,19855097,0.0050,28.161,70,0.9660,86,881,33,0.59966,3.85
58,1126,20268631,0.0050,27.651,61,0.9669,87,889,24,0.61926,3.69
59,1156,20689933,0.0050,28.080,68,0.9662,87,876,37,0.61496,3.78
60,1133,21111015,0.0050,28.210,68,0.9686,100,856,44,0.76493,3.74
61,1089,21527396,0.0050,27.789,62,0.9674,77,899,24,0.43170,3.70
62,905,21932561,0.0050,27.316,56,0.9686,92,888,20,0.66049,3.52
63,989,22351015,0.0050,27.891,62,0.9671,91,881,28,0.58019,3.66
64,1098,22757224,0.0050,27.072,64,0.9663,77,850,73,0.55127,3.63
65,1254,23173803,0.0050,27.850,64,0.9678,91,856,53,0.67545,3.79
66,1052,23575842,0.0050,27.024,62,0.9687,67,907,26,0.58010,3.61
67,1083,23990018,0.0050,27.814,61,0.9678,69,902,29,0.69147,3.72
68,1021,24397727,0.0050,27.396,60,0.9672,84,904,12,0.74288,3.72
69,1091,24816815,0.0050,27.923,59,0.9660,73,897,30,0.64072,3.78
70,979,25242725,0.0050,28.518,63,0.9669,73,893,34,0.52581,3.78
71,1016,25654840,0.0050,27.664,59,0.9671,92,868,40,0.49128,3.69
72,1152,26089705,0.0050,28.719,70,0.9670,89,886,25,0.48744,3.94
73,1192,26516120,0.0050,28.555,70,0.9662,96,878,26,0.54991,3.90
74,1177,26931004,0.0050,27.832,63,0.9681,93,893,14,0.78298,3.80
75,1152,27345825,0.0050,27.627,63,0.9658,97,880,23,0.78431,3.78
76,1105,27768401,0.0050,28.144,66,0.9675,87,879,34,0.82085,3.77
77,974,28200589,0.0050,28.856,62,0.9674,79,908,13,0.74691,3.79
78,1138,28617919,0.0050,27.882,60,0.9651,94,877,29,0.71332,3.76
79,956,29035574,0.0050,27.896,54,0.9677,94,885,21,0.67475,3.65
80,1143,29465840,0.0050,28.732,68,0.9669,78,901,21,0.61445,3.86
81,1099,29884851,0.0050,27.987,65,0.9677,110,854,36,0.69906,3.75
82,1075,30296012,0.0050,27.415,60,0.9657,77,886,37,0.71833,3.69
83,1111,30734812,0.0050,29.273,63,0.9678,81,886,33,0.60509,3.94
84,1247,31165314,0.0050,28.624,69,0.9657,96,845,59,0.73023,3.94
85,1098,31587120,0.0050,28.158,63,0.9657,86,858,56,0.49940,3.83
86,1003,31999331,0.0050,27.572,61,0.9654,77,854,69,0.61654,3.68
87,1104,32413991,0.0050,27.616,67,0.9685,112,840,48,0.48780,3.78
88,1169,32836489,0.0050,28.135,66,0.9675,108,853,39,0.56311,3.86
89,1129,33255837,0.0050,27.954,72,0.9673,94,864,42,0.57768,3.79
90,1066,33677421,0.0050,28.151,64,0.9663,88,869,43,0.60641,3.76
91,997,34086869,0.0050,27.586,59,0.9683,95,863,42,0.60558,3.68
92,1135,34504878,0.0050,28.016,68,0.9665,89,880,31,0.46527,3.78
93,1235,34917131,0.0050,27.550,63,0.9682,77,868,55,0.68279,3.81
94,1216,35341156,0.0050,28.119,64,0.9652,98,857,45,0.51799,3.88
95,1157,35754256,0.0050,27.341,71,0.9677,76,880,44,0.70103,3.76
96,1029,36171937,0.0050,27.950,58,0.9678,93,864,43,0.50545,3.76
97,1117,36589436,0.0050,27.893,66,0.9663,91,871,38,0.63625,3.79
98,962,37009660,0.0050,28.153,57,0.9692,93,887,20,0.36008,3.72
99,1318,37434912,0.0050,28.287,69,0.9667,94,864,42,0.59955,3.97
100,1092,37860779,0.0050,28.296,68,0.9659,85,858,57,0.57132,3.87
