round,stage,ticks,transitions,epsilon,stage_gain,full_avg,best_score,accuracy,died_wall,died_self,starved,finished,loss,seconds
1,short,1234,843536,0.0010,38.431,,50,0.9321,90,339,0,571,0.35410,29.71
2,short,963,1571767,0.0010,47.818,,50,0.9850,12,151,0,837,0.55986,31.70
3,short,964,2335849,0.0010,49.308,,50,0.9827,10,54,0,936,0.61832,32.99
4,short,1052,3096967,0.0010,49.287,,50,0.9845,14,50,0,936,0.67977,33.00
5,short,991,3871673,0.0010,49.742,,50,0.9839,7,25,0,968,0.82099,27.60
6,short,979,4645099,0.0010,49.857,,50,0.9851,4,12,0,984,0.58458,33.30
7,short,993,5416130,0.0010,49.909,,50,0.9859,1,16,0,983,0.65801,33.26
8,short,961,6191851,0.0010,49.855,,50,0.9846,2,18,0,980,0.65356,33.42
9,short,953,6957985,0.0010,49.756,,50,0.9873,7,19,0,974,0.65968,33.01
10,short,958,7723256,0.0010,49.783,,50,0.9888,1,25,0,974,0.72295,33.05
11,short,959,8484514,0.0010,49.716,,50,0.9887,2,27,0,971,0.57373,32.87
12,short,975,9247849,0.0010,49.879,,50,0.9885,5,13,0,982,0.67044,33.19
13,short,944,10010374,0.0010,49.848,,50,0.9894,3,15,0,982,0.68387,33.67
14,short,958,10772341,0.0010,49.870,,50,0.9887,0,21,0,979,0.57745,34.17
15,short,986,11540343,0.0010,49.857,,50,0.9882,1,18,0,981,0.63440,33.46
16,short,996,12303775,0.0010,49.865,,50,0.9879,2,22,0,976,0.64508,23.87
17,short,990,13066186,0.0010,49.825,,50,0.9885,1,19,0,980,0.67578,23.83
18,short,971,13831140,0.0010,49.905,,50,0.9885,2,6,0,992,0.61478,23.99
19,short,988,14592261,0.0010,49.914,,50,0.9886,0,11,0,989,0.65355,23.68
20,short,957,15355640,0.0010,49.933,,50,0.9889,0,9,0,991,0.63251,32.69
21,short,995,16115532,0.0010,49.827,,50,0.9889,1,20,0,979,0.67754,23.72
22,short,941,16877898,0.0010,49.832,,50,0.9897,4,16,0,980,0.73745,23.66
23,short,1005,17641871,0.0010,49.879,,50,0.9889,2,19,0,979,0.65939,23.79
24,mid,2754,18637663,0.0010,38.538,88.240,146,0.9502,69,931,0,0,0.97229,44.84
25,mid,2602,19648604,0.0010,39.915,88.315,150,0.9486,56,943,0,1,0.72108,36.62
26,mid,2893,20718550,0.0010,41.745,91.975,146,0.9442,59,941,0,0,0.79240,38.12
27,mid,3002,21834924,0.0010,42.812,94.085,150,0.9451,51,948,0,1,0.56552,40.27
28,mid,3270,23040103,0.0010,46.501,97.315,150,0.9478,50,948,0,2,0.78428,42.81
29,mid,3675,24291916,0.0010,47.641,100.195,153,0.9500,54,943,0,3,0.79634,44.92
30,mid,3811,25755531,0.0010,56.089,103.510,156,0.9510,53,933,0,14,0.66099,50.13
31,mid,4785,27321035,0.0010,57.611,110.650,175,0.9558,49,925,0,26,0.60416,54.96
32,mid,4817,28966332,0.0010,61.405,109.745,173,0.9552,55,891,0,54,0.65828,57.54
33,mid,6960,30593999,0.0010,60.049,110.850,214,0.9542,41,919,0,40,0.58119,58.35
34,mid,5134,32299227,0.0010,62.492,111.140,185,0.9565,37,891,0,72,0.66635,59.27
35,mid,6430,34061324,0.0010,64.388,113.960,200,0.9570,44,873,0,83,0.66912,78.27
36,mid,5569,35899334,0.0010,66.345,116.660,182,0.9574,28,863,0,109,0.60055,63.28
37,mid,7889,37762198,0.0010,66.979,120.560,216,0.9583,59,823,0,118,0.67726,66.67
38,mid,9044,39775179,0.0010,70.679,125.615,250,0.9629,51,793,0,156,0.46567,73.57
39,mid,9217,41837524,0.0010,72.760,124.240,248,0.9636,35,785,0,180,0.53027,93.12
40,mid,8712,43873432,0.0010,71.960,125.415,242,0.9608,43,809,0,148,0.47011,73.44
41,mid,7048,45982328,0.0010,74.234,127.070,222,0.9607,47,781,0,172,0.68543,86.31
42,mid,7089,48062170,0.0010,72.778,128.450,216,0.9607,41,802,0,157,0.47969,90.42
43,mid,10235,50234655,0.0010,74.371,132.955,256,0.9629,31,768,0,201,0.50814,99.28
44,mid,15432,52398459,0.0010,75.205,128.175,296,0.9634,36,765,0,199,0.64019,81.99
45,mid,7647,54608378,0.0010,77.084,131.235,223,0.9624,30,742,0,228,0.54596,76.37
46,mid,10722,56768449,0.0010,74.748,130.390,267,0.9629,32,784,0,184,0.58187,99.84
47,mid,10913,58990304,0.0010,75.566,134.910,269,0.9643,29,758,0,213,0.53725,81.32
48,mid,10027,61145903,0.0010,74.754,129.035,239,0.9621,41,752,0,207,0.50058,78.38
49,mid,8988,63367380,0.0010,75.912,133.380,244,0.9650,36,741,0,223,0.61663,79.61
50,mid,16131,65631867,0.0010,77.127,136.085,294,0.9635,32,731,0,237,0.68652,87.93
51,mid,7567,67830196,0.0010,76.446,132.645,227,0.9620,31,758,0,211,0.65411,96.52
52,mid,7230,70035570,0.0010,77.032,131.420,216,0.9597,27,768,0,205,0.55885,97.19
53,mid,13470,72230531,0.0010,75.192,133.755,276,0.9612,32,779,0,189,0.59996,83.33
54,mid,9857,74412741,0.0010,76.427,128.625,256,0.9626,30,743,0,227,0.51501,78.38
55,mid,6868,76573889,0.0010,76.028,129.610,214,0.9609,26,784,0,190,0.52807,74.43
56,mid,10473,78786117,0.0010,76.388,132.470,262,0.9607,27,754,0,219,0.62666,79.23
57,mid,11342,81029959,0.0010,76.465,134.990,263,0.9627,25,764,0,211,0.59847,82.10
58,mid,9520,83216533,0.0010,76.335,132.060,242,0.9616,36,753,0,211,0.53076,77.19
59,mid,9421,85419158,0.0010,76.629,131.360,233,0.9609,21,738,1,240,0.55910,80.33
60,mid,15179,87631489,0.0010,76.990,130.675,293,0.9630,23,762,0,215,0.51949,83.58
61,mid,9345,89877792,0.0010,77.493,133.680,245,0.9629,18,744,0,238,0.54763,99.67
62,mid,11873,92135797,0.0010,77.757,135.295,267,0.9620,23,764,0,213,0.51975,82.82
63,mid,17230,94374478,0.0010,76.729,136.075,327,0.9627,28,738,0,234,0.50270,105.20
64,mid,16162,96632730,0.0010,76.397,138.045,308,0.9637,20,753,0,227,0.51286,105.75
65,mid,13337,98886314,0.0010,76.999,136.210,285,0.9640,27,731,0,242,0.48121,85.16
66,mid,13597,101192647,0.0010,79.550,135.185,299,0.9640,30,702,0,268,0.53040,106.56
67,mid,14394,103481957,0.0010,78.802,133.565,280,0.9627,38,730,0,232,0.60632,84.65
68,mid,9337,105740201,0.0010,78.415,132.575,236,0.9619,19,724,0,257,0.58167,80.05
69,mid,8133,107995843,0.0010,77.677,136.875,235,0.9628,27,739,0,234,0.54577,79.49
70,mid,11278,110240023,0.0010,77.311,135.655,263,0.9638,26,745,0,229,0.50926,84.38
71,mid,9930,112438669,0.0010,75.559,135.940,242,0.9621,18,758,0,224,0.56000,99.04
72,mid,13926,114805872,0.0010,80.415,138.890,285,0.9661,32,688,0,280,0.45032,89.36
73,mid,9750,117042517,0.0010,77.146,134.290,244,0.9626,34,736,0,230,0.65655,100.23
74,mid,17456,119307831,0.0010,76.957,136.340,322,0.9650,33,730,0,237,0.52387,89.47
75,mid,13282,121573022,0.0010,77.358,138.200,294,0.9643,25,742,0,233,0.51058,83.74
76,mid,11323,123907226,0.0010,80.030,137.320,258,0.9643,33,689,0,278,0.55066,107.56
77,mid,16858,126279250,0.0010,79.334,142.660,318,0.9670,19,702,0,279,0.44927,94.33
78,mid,21895,128596653,0.0010,78.626,139.585,346,0.9665,34,690,0,276,0.47854,95.83
79,mid,13252,130940197,0.0010,79.709,139.320,279,0.9653,34,690,0,276,0.48723,108.99
80,mid,21878,133239920,0.0010,78.911,137.195,336,0.9646,42,696,0,262,0.62485,103.05
81,mid,7598,135474628,0.0010,77.984,133.835,231,0.9628,36,714,0,250,0.54636,77.14
82,mid,14597,137742063,0.0010,77.936,134.455,296,0.9645,38,701,0,261,0.57010,92.37
83,mid,21096,140072870,0.0010,79.301,136.615,347,0.9662,40,695,0,265,0.47298,93.78
84,mid,10789,142437226,0.0010,81.146,137.590,267,0.9646,20,678,0,302,0.51602,105.44
85,mid,12074,144681511,0.0010,78.709,132.400,279,0.9634,57,690,0,253,0.50152,82.08
86,mid,21460,147066163,0.0010,79.933,140.400,339,0.9683,32,679,1,288,0.46187,120.32
87,mid,15649,149422840,0.0010,79.703,140.555,308,0.9639,37,684,0,279,0.45743,90.63
88,mid,21758,151858117,0.0010,81.884,141.910,344,0.9676,27,654,0,319,0.49058,96.68
89,mid,19504,154194215,0.0010,79.191,140.210,327,0.9661,30,695,0,275,0.51205,93.44
90,mid,13303,156552784,0.0010,79.759,140.310,287,0.9665,28,676,0,296,0.41519,111.10
91,mid,18858,158964204,0.0010,80.070,142.255,330,0.9687,35,654,0,311,0.46516,96.37
92,mid,8820,161304324,0.0010,81.701,133.730,234,0.9623,29,694,0,277,0.54971,81.19
93,mid,9754,163524740,0.0010,77.286,132.045,238,0.9610,32,750,0,218,0.58369,79.42
94,mid,10813,165858874,0.0010,79.978,136.900,258,0.9639,32,678,0,290,0.44777,83.80
95,mid,9728,168245981,0.0010,81.845,137.410,245,0.9627,33,649,0,318,0.57134,89.17
96,mid,15532,170651328,0.0010,79.653,145.295,304,0.9649,51,677,0,272,0.44524,91.82
97,mid,19703,173067271,0.0010,80.588,141.655,332,0.9683,30,675,1,294,0.46978,95.86
98,mid,8450,175373548,0.0010,80.519,134.060,227,0.9620,37,698,0,265,0.56412,79.71
99,mid,17112,177627811,0.0010,78.097,134.705,304,0.9634,41,710,0,249,0.42530,109.11
100,mid,14035,179935713,0.0010,80.166,132.890,288,0.9627,48,681,1,270,0.54526,96.81
101,mid,12592,182291747,0.0010,80.736,139.570,263,0.9631,27,681,0,292,0.56946,84.56
102,mid,7972,184614410,0.0010,79.880,137.955,233,0.9614,31,683,0,286,0.49854,103.27
103,mid,17018,186890857,0.0010,77.073,139.630,312,0.9627,33,731,0,236,0.54926,108.55
104,long,11563,188274215,0.0010,20.236,131.770,263,0.9568,45,955,0,0,0.55833,66.45
105,long,8827,189622922,0.0010,19.569,131.745,268,0.9567,56,944,0,0,0.55751,58.44
106,long,8384,190978984,0.0010,20.084,130.610,270,0.9549,73,927,0,0,0.54031,62.70
107,long,9870,192308608,0.0010,19.422,130.965,278,0.9553,57,943,0,0,0.43690,59.39
108,long,7845,193660297,0.0010,19.289,134.355,263,0.9565,69,931,0,0,0.54817,57.44
109,long,8615,195033274,0.0010,20.198,131.950,258,0.9561,70,930,0,0,0.50586,59.61
110,long,8138,196376891,0.0010,19.481,133.060,252,0.9545,55,945,0,0,0.43818,65.62
111,long,12959,197793924,0.0010,19.683,138.745,280,0.9574,53,947,0,0,0.55863,73.80
112,long,8673,199076564,0.0010,18.635,129.315,249,0.9549,37,962,1,0,0.52602,55.79
113,long,7724,200425145,0.0010,18.949,135.290,264,0.9540,63,937,0,0,0.47925,60.95
114,long,8685,201797265,0.0010,20.035,133.100,276,0.9536,56,944,0,0,0.56201,58.99
115,long,6391,203129931,0.0010,19.312,134.475,248,0.9533,66,934,0,0,0.57316,55.31
116,long,8875,204427471,0.0010,18.442,132.525,275,0.9543,55,945,0,0,0.59371,56.50
117,long,9992,205645153,0.0010,17.224,130.695,253,0.9519,52,948,0,0,0.56997,60.41
118,long,6284,206822333,0.0010,16.113,131.020,245,0.9509,56,944,0,0,0.62583,55.52
119,long,6466,207964207,0.0010,15.688,129.045,240,0.9493,56,943,1,0,0.67157,49.73
120,long,6764,209038260,0.0010,13.969,130.005,217,0.9488,51,949,0,0,0.60405,48.79
121,long,6228,210219642,0.0010,16.041,132.410,228,0.9492,49,951,0,0,0.50925,52.11
122,long,7216,211354849,0.0010,16.207,124.885,242,0.9480,58,942,0,0,0.56613,49.50
123,long,6484,212448497,0.0010,14.623,128.150,235,0.9496,68,932,0,0,0.62291,48.87
